iso,umd_tree_cover_extent_2010__ha,area__ha,percent_tree_cover
GUF,8157813.505993104,8330096.726530746,97.93179807877942
GNQ,2630327.865618238,2695935.338293543,97.5664300347488
LBR,9283496.206019584,9591801.582971107,96.78574067358862
SUR,13997728.080343507,14642556.86529194,95.5962009170891
SLB,2727147.035732675,2853324.005848241,95.57789547009205
